{"cameraMode":{"drawMode":0,"name":"Shaded","section":"Shading Mode"},"sceneLighting":false,"audioPlay":false,"sceneViewState":{"showFog":true,"showMaterialUpdate":false,"showSkybox":false,"showFlares":true,"showImageEffects":true,"showParticleSystems":true},"in2DMode":false,"pivot":{"x":0.052231982350349429,"y":-0.11711027473211289,"z":-0.029321763664484025},"rotation":{"x":0.032484594732522967,"y":0.034594494849443439,"z":0.001594546833075583,"w":0.9993897080421448},"size":0.35025614500045779,"orthographic":false}