{"cameraMode":{"drawMode":0,"name":"Shaded","section":"Shading Mode"},"sceneLighting":false,"audioPlay":false,"sceneViewState":{"showFog":true,"showMaterialUpdate":false,"showSkybox":false,"showFlares":true,"showImageEffects":true,"showParticleSystems":true},"in2DMode":false,"pivot":{"x":-0.00027604587376117706,"y":-0.00004227831959724426,"z":-0.000017712824046611786},"rotation":{"x":0.18274912238121034,"y":0.18785631656646729,"z":-0.03405691310763359,"w":0.964874267578125},"size":0.023028334602713586,"orthographic":false}