{"cameraMode":{"drawMode":0,"name":"Shaded","section":"Shading Mode"},"sceneLighting":false,"audioPlay":false,"sceneViewState":{"showFog":true,"showMaterialUpdate":false,"showSkybox":false,"showFlares":true,"showImageEffects":true,"showParticleSystems":true},"in2DMode":false,"pivot":{"x":-0.1256912350654602,"y":-0.11303289234638214,"z":-0.015436410903930664},"rotation":{"x":0.14464139938354493,"y":-0.11513825505971909,"z":0.019717378541827203,"w":0.9831078052520752},"size":0.41040003299713137,"orthographic":false}