{"cameraMode":{"drawMode":0,"name":"Shaded","section":"Shading Mode"},"sceneLighting":false,"audioPlay":false,"sceneViewState":{"showFog":true,"showMaterialUpdate":false,"showSkybox":false,"showFlares":true,"showImageEffects":true,"showParticleSystems":true},"in2DMode":false,"pivot":{"x":0.0,"y":0.043398380279541019,"z":-0.047865092754364017},"rotation":{"x":-0.3112993538379669,"y":-0.06891046464443207,"z":0.022660912945866586,"w":-0.9476328492164612},"size":0.7106651663780212,"orthographic":false}