{"cameraMode":{"drawMode":0,"name":"Shaded","section":"Shading Mode"},"sceneLighting":false,"audioPlay":false,"sceneViewState":{"showFog":true,"showMaterialUpdate":false,"showSkybox":false,"showFlares":true,"showImageEffects":true,"showParticleSystems":true},"in2DMode":false,"pivot":{"x":-0.09475000202655792,"y":0.05975000187754631,"z":-0.05975000187754631},"rotation":{"x":-0.038207266479730609,"y":-0.05854497104883194,"z":0.000529992044903338,"w":0.9980696439743042},"size":0.32719099521636965,"orthographic":false}