{"cameraMode":{"drawMode":0,"name":"Shaded","section":"Shading Mode"},"sceneLighting":false,"audioPlay":false,"sceneViewState":{"showFog":true,"showMaterialUpdate":false,"showSkybox":false,"showFlares":true,"showImageEffects":true,"showParticleSystems":true},"in2DMode":false,"pivot":{"x":0.01069667935371399,"y":-0.03000462055206299,"z":-0.2564797103404999},"rotation":{"x":-0.29738208651542666,"y":-0.40488529205322268,"z":0.14113689959049226,"w":-0.8531665205955505},"size":0.296960711479187,"orthographic":false}