{"cameraMode":{"drawMode":0,"name":"Shaded","section":"Shading Mode"},"sceneLighting":false,"audioPlay":false,"sceneViewState":{"showFog":true,"showMaterialUpdate":false,"showSkybox":false,"showFlares":true,"showImageEffects":true,"showParticleSystems":true},"in2DMode":false,"pivot":{"x":7.448394345743736e-9,"y":0.0,"z":0.00014083326095715165},"rotation":{"x":0.21832069754600526,"y":0.24293603003025056,"z":-0.056324414908885959,"w":0.9435860514640808},"size":0.25364696979522707,"orthographic":false}