{"cameraMode":{"drawMode":0,"name":"Shaded","section":"Shading Mode"},"sceneLighting":false,"audioPlay":false,"sceneViewState":{"showFog":true,"showMaterialUpdate":false,"showSkybox":false,"showFlares":true,"showImageEffects":true,"showParticleSystems":true},"in2DMode":false,"pivot":{"x":-0.0024999380111694338,"y":3.725290298461914e-9,"z":0.0},"rotation":{"x":-0.4383593201637268,"y":0.02373802475631237,"z":-0.011555434204638005,"w":-0.8985119462013245},"size":0.4937649965286255,"orthographic":false}