{"cameraMode":{"drawMode":0,"name":"Shaded","section":"Shading Mode"},"sceneLighting":false,"audioPlay":false,"sceneViewState":{"showFog":false,"showMaterialUpdate":false,"showSkybox":false,"showFlares":false,"showImageEffects":false,"showParticleSystems":false},"in2DMode":false,"pivot":{"x":0.024932485073804857,"y":0.047530267387628558,"z":0.010661929845809937},"rotation":{"x":0.07110697776079178,"y":-0.06116237863898277,"z":0.006481653545051813,"w":0.996029794216156},"size":0.17421263456344605,"orthographic":false}