{"cameraMode":{"drawMode":0,"name":"Shaded","section":"Shading Mode"},"sceneLighting":false,"audioPlay":false,"sceneViewState":{"showFog":true,"showMaterialUpdate":false,"showSkybox":false,"showFlares":true,"showImageEffects":true,"showParticleSystems":true},"in2DMode":false,"pivot":{"x":-0.15592500567436219,"y":0.330000102519989,"z":0.015000015497207642},"rotation":{"x":0.18101589381694795,"y":0.18612107634544373,"z":-0.034898389130830768,"w":0.9651381373405457},"size":0.47453752160072329,"orthographic":false}