{"cameraMode":{"drawMode":0,"name":"Shaded","section":"Shading Mode"},"sceneLighting":false,"audioPlay":false,"sceneViewState":{"showFog":true,"showMaterialUpdate":false,"showSkybox":false,"showFlares":true,"showImageEffects":true,"showParticleSystems":true},"in2DMode":false,"pivot":{"x":0.03354594111442566,"y":0.027110107243061067,"z":-0.5372564792633057},"rotation":{"x":0.03545718267560005,"y":0.022597938776016237,"z":0.0017093110363930464,"w":0.9996293783187866},"size":0.16534358263015748,"orthographic":false}