{"cameraMode":{"drawMode":0,"name":"Shaded","section":"Shading Mode"},"sceneLighting":false,"audioPlay":false,"sceneViewState":{"showFog":true,"showMaterialUpdate":false,"showSkybox":false,"showFlares":true,"showImageEffects":true,"showParticleSystems":true},"in2DMode":false,"pivot":{"x":0.0014251470565795899,"y":-0.12837904691696168,"z":-0.20333801209926606},"rotation":{"x":0.18837927281856538,"y":-0.06478549540042877,"z":0.012329371646046639,"w":0.9799969792366028},"size":0.9872720837593079,"orthographic":false}