{"cameraMode":{"drawMode":0,"name":"Shaded","section":"Shading Mode"},"sceneLighting":false,"audioPlay":false,"sceneViewState":{"showFog":true,"showMaterialUpdate":false,"showSkybox":false,"showFlares":true,"showImageEffects":true,"showParticleSystems":true},"in2DMode":false,"pivot":{"x":-0.5655218958854675,"y":-0.013445429503917694,"z":-0.5802875757217407},"rotation":{"x":0.2770998775959015,"y":-0.05953630059957504,"z":0.020648371428251268,"w":0.9593430161476135},"size":0.4330126941204071,"orthographic":false}