{"cameraMode":{"drawMode":0,"name":"Shaded","section":"Shading Mode"},"sceneLighting":false,"audioPlay":false,"sceneViewState":{"showFog":true,"showMaterialUpdate":false,"showSkybox":false,"showFlares":true,"showImageEffects":true,"showParticleSystems":true},"in2DMode":false,"pivot":{"x":0.006026148796081543,"y":0.12925612926483155,"z":-0.09723213315010071},"rotation":{"x":-0.3929196298122406,"y":-0.09135327488183975,"z":0.03928536921739578,"w":-0.9142770767211914},"size":0.780479371547699,"orthographic":false}