{"cameraMode":{"drawMode":0,"name":"Shaded","section":"Shading Mode"},"sceneLighting":false,"audioPlay":false,"sceneViewState":{"showFog":true,"showMaterialUpdate":false,"showSkybox":false,"showFlares":true,"showImageEffects":true,"showParticleSystems":true},"in2DMode":false,"pivot":{"x":0.0008681826293468475,"y":0.002045104280114174,"z":0.0000012442469596862794},"rotation":{"x":0.18274912238121034,"y":0.18785631656646729,"z":-0.03405691310763359,"w":0.964874267578125},"size":0.017086727544665338,"orthographic":false}