{"cameraMode":{"drawMode":0,"name":"Shaded","section":"Shading Mode"},"sceneLighting":false,"audioPlay":false,"sceneViewState":{"showFog":true,"showMaterialUpdate":false,"showSkybox":false,"showFlares":true,"showImageEffects":true,"showParticleSystems":true},"in2DMode":false,"pivot":{"x":-0.13834436237812043,"y":-0.07571306824684143,"z":-0.011477351188659668},"rotation":{"x":0.07985495775938034,"y":-0.08345095068216324,"z":0.009295711293816567,"w":0.9937760829925537},"size":0.32957619428634646,"orthographic":false}